<appaction uniquename="ef__Publish!7def57734c9f43d5aee060711785fc17!ef_TeachingAssistantApp!ef_promptsetting!1">
  <appmoduleid>
    <uniquename>ef_TeachingAssistantApp</uniquename>
  </appmoduleid>
  <buttonlabeltext default="Publish">
    <label description="Publish" languagecode="1033" />
  </buttonlabeltext>
  <context>1</context>
  <contextentity>
    <logicalname>ef_promptsetting</logicalname>
  </contextentity>
  <contextvalue>ef_promptsetting</contextvalue>
  <fonticon>$clientsvg:Accept</fonticon>
  <hidden>0</hidden>
  <iscustomizable>1</iscustomizable>
  <isdisabled>0</isdisabled>
  <isgrouptitlehidden>0</isgrouptitlehidden>
  <location>1</location>
  <name>Publish!7def57734c9f43d5aee060711785fc17</name>
  <onclickeventformulacomponentlibraryid>
    <name>ef_teachingassistantappdefaultcommandlibrary_5144a</name>
  </onclickeventformulacomponentlibraryid>
  <onclickeventformulacomponentname>75cb6e1a1a0049c3847fd754f8621ec4</onclickeventformulacomponentname>
  <onclickeventformulafunctionname>OnSelect</onclickeventformulafunctionname>
  <onclickeventtype>1</onclickeventtype>
  <origin>0</origin>
  <sequence>1000100017.5000000000</sequence>
  <statecode>0</statecode>
  <statuscode>1</statuscode>
  <type>0</type>
  <visibilityformulacomponentlibraryid>
    <name>ef_teachingassistantappdefaultcommandlibrary_5144a</name>
  </visibilityformulacomponentlibraryid>
  <visibilityformulacomponentname>75cb6e1a1a0049c3847fd754f8621ec4</visibilityformulacomponentname>
  <visibilityformulafunctionname>Visible</visibilityformulafunctionname>
  <visibilitytype>1</visibilitytype>
</appaction>