<botcomponent_workflowset>
  <botcomponent_workflow botcomponentid.schemaname="ef_teachingAssistantBot.topic.ConversationStart" workflowid.workflowid="d253caca-b954-ee11-be6f-002248a476b8">
    <iscustomizable>1</iscustomizable>
  </botcomponent_workflow>
  <botcomponent_workflow botcomponentid.schemaname="ef_teachingAssistantBot.topic.Fallback" workflowid.workflowid="c83ced37-8254-ee11-be6f-002248a476b8">
    <iscustomizable>1</iscustomizable>
  </botcomponent_workflow>
  <botcomponent_workflow botcomponentid.schemaname="ef_teachingAssistantBot.topic.Fallback" workflowid.workflowid="d79837bd-9b54-ee11-be6f-002248a476b8">
    <iscustomizable>1</iscustomizable>
  </botcomponent_workflow>
</botcomponent_workflowset>