{
  "properties": {
    "connectionReferences": {
      "shared_commondataserviceforapps": {
        "runtimeSource": "embedded",
        "connection": {
          "connectionReferenceLogicalName": "ef_sharedcommondataserviceforapps_8116c"
        },
        "api": {
          "name": "shared_commondataserviceforapps"
        }
      }
    },
    "definition": {
      "$schema": "https://schema.management.azure.com/providers/Microsoft.Logic/schemas/2016-06-01/workflowdefinition.json#",
      "contentVersion": "1.0.0.0",
      "parameters": {
        "$connections": {
          "defaultValue": {},
          "type": "Object"
        },
        "$authentication": {
          "defaultValue": {},
          "type": "SecureObject"
        }
      },
      "triggers": {
        "manual": {
          "metadata": {
            "operationMetadataId": "ccb8e4b7-5772-488f-9823-c619717ed9f3"
          },
          "type": "Request",
          "kind": "PowerApp",
          "inputs": {
            "schema": {
              "type": "object",
              "properties": {},
              "required": []
            }
          }
        }
      },
      "actions": {
        "Respond_to_a_PowerApp_or_flow": {
          "runAfter": {
            "Condition": [
              "Succeeded"
            ]
          },
          "metadata": {
            "operationMetadataId": "21f16b5a-ab1a-4adc-8417-5edea5ccea63"
          },
          "type": "Response",
          "kind": "PowerApp",
          "inputs": {
            "statusCode": 200,
            "body": {
              "response": "Success"
            },
            "schema": {
              "type": "object",
              "properties": {
                "response": {
                  "title": "Response",
                  "x-ms-dynamically-added": true,
                  "type": "string"
                }
              }
            }
          }
        },
        "List_rows": {
          "runAfter": {},
          "metadata": {
            "operationMetadataId": "54ea5d4c-45f3-4807-b578-39bcc691649f"
          },
          "type": "OpenApiConnection",
          "inputs": {
            "host": {
              "connectionName": "shared_commondataserviceforapps",
              "operationId": "ListRecords",
              "apiId": "/providers/Microsoft.PowerApps/apis/shared_commondataserviceforapps"
            },
            "parameters": {
              "entityName": "ef_promptsettings",
              "$filter": "statuscode eq 122090001"
            },
            "authentication": {
              "type": "Raw",
              "value": "@json(decodeBase64(triggerOutputs().headers['X-MS-APIM-Tokens']))['$ConnectionKey']"
            }
          }
        },
        "Condition": {
          "actions": {
            "Add_default_AI_Setting": {
              "runAfter": {},
              "metadata": {
                "operationMetadataId": "ac81bca9-3eca-4c45-be70-e0eb169a80ee"
              },
              "type": "OpenApiConnection",
              "inputs": {
                "host": {
                  "connectionName": "shared_commondataserviceforapps",
                  "operationId": "CreateRecord",
                  "apiId": "/providers/Microsoft.PowerApps/apis/shared_commondataserviceforapps"
                },
                "parameters": {
                  "entityName": "ef_promptsettings",
                  "item/ef_name": "Default AI Setting",
                  "item/ef_frequencypenalty": 0,
                  "item/ef_functioncreatecurriculum": "{\n            \"name\": \"create_lesson_array\",\n            \"description\": \"Create an array of lessons based on the users chosen topic. Only create the number of lessons that the user has asked for. Only create this when the teacher says they want it to be finalised and generated in the Teaching Accelerator. Do not create until the user has had a chance to see the curriculum plan and approve it.\",\n            \"parameters\": {\n                \"type\": \"object\",\n                \"properties\": {\n                    \"LessonArray\": {\n                        \"type\": \"array\",\n                        \"description\": \"An array of lessons. This should be no longer than the number of lessons that the user has asked for. Each lesson should only consist of LessonName and LessonObjective.\",\n                        \"items\": {\n                            \"LessonName\": {\n                                \"type\": \"string\",\n                                \"description\": \"The name of the lesson\"\n                            },\n                            \"LessonObjective\": {\n                                \"type\": \"string\",\n                                \"description\": \"A one sentance objective of what this lesson will accomplish and what the students will learn.\"\n                            }\n                        }\n                    }\n                },\n                \"required\": [\n                    \"LessonName\",\n                    \"LessonObjective\"\n                ]\n            }\n        }",
                  "item/ef_functioncreatelesson": "    {\n      \"name\": \"create_lesson_plan\",\n      \"description\": \"Create the lesson plan once the teacher says they want it to be finalised and generated in the Teaching Accelerator.\",\n      \"parameters\": {\n        \"type\": \"object\",\n        \"properties\": {\n          \"learning_objective\": {\n            \"type\": \"string\",\n            \"description\": \"Learning objective\"\n          },\n          \"lesson_plan\": {\n            \"type\": \"string\",\n            \"description\": \"Step by step lesson plan\"\n          }\n        },\n        \"required\": [\n          \"learning_objective\",\n          \"lesson_plan\"\n        ]\n      }\n    }",
                  "item/ef_presencepenalty": 0,
                  "item/statuscode": 122090001,
                  "item/ef_systemmessagecurriculum": "You are a friendly and helpful Teaching Assistant Bot that is embedded into an app called the Teaching Accelerator. The first message you will receive is automatically populated by the app and the user will not see it. Start your first message with, 'I understand you need some help planning your curriculum on [Insert Subject] for students [Insert Age Group]'. Next ask the teacher how many lessons they would like this curriculum to contain. Wait for the teacher to respond, do not respond for the teacher. Next ask the teacher if there is a specific area of this subject they would like this curriculum to be focused on. Wait for the teacher to respond, do not respond for the teacher. Next ask if their is any specific lessons or lesson objectives they want to include in this curriculum. Wait for the teacher to respond, do not respond for the teacher. Next ask the teacher if there is any other information I should know before drafting a curriculum. Wait for the teacher to respond, do not respond for the teacher. Given all of this information, create an array of lessons based on the users chosen topic and present it to the user as a summery so they can check it. Only create the number of lessons that the user has asked for, only include the lesson names and lesson objectives. Ask the teacher if they would like to modify the curriculum plan in any way. Let the teacher know they can export the curriculum by asking, this will then be saved to the Teaching Accelerator app.",
                  "item/ef_systemmessagelesson": "You are a friendly and helpful Teaching Assistant Bot that is embedded into an app called the Teaching Accelerator. The first message you will receive is automatically populated by the app and the user will not see it. Start your first message with, 'I understand you need some help planning your lesson on [Insert Objective] for students [Insert Age Group]'. Ensure you ask all the following questions before creating a summary of the lesson plan. Each question should be asked one at a time giving the teacher time to respond with their answer. First, ask the teacher if students have existing knowledge about the topic or if this in an entirely new topic. If students have existing knowledge about the topic ask the teacher to briefly explain what they think students know about it.  Next, ask if there is any specific requirements or things they want to be included in the lesson plan, for example mention that you can make the lesson more inclusive for those with learning disabilities. Finally, ask the teacher if they have any other things they want to add or let you know before you create a lesson plan for them. Once they are ready, given all of the provided information, create a customized lesson plan that includes a variety of teaching techniques and modalities including direct instruction, checking for understanding (including gathering evidence of understanding from a wide sampling of students), discussion, an engaging in-class activity, and an assignment. Explain why you are specifically choosing each. Ask the teacher if they would like to change anything. Wait for a response. If the teacher wants to change anything work with the teacher to change the lesson. Once you have created the summery, let the teacher know they can export the lesson plan by asking, this will then be saved to the Teaching Accelerator app.",
                  "item/ef_temperature": 0.7,
                  "item/ef_topp": 0.95
                },
                "authentication": {
                  "type": "Raw",
                  "value": "@json(decodeBase64(triggerOutputs().headers['X-MS-APIM-Tokens']))['$ConnectionKey']"
                }
              }
            }
          },
          "runAfter": {
            "List_rows": [
              "Succeeded"
            ]
          },
          "expression": {
            "equals": [
              "@Length(outputs('List_rows')?['body/value'])",
              0
            ]
          },
          "metadata": {
            "operationMetadataId": "d655bced-acd0-40c9-acaf-c3b95b077bd8"
          },
          "type": "If"
        }
      }
    },
    "templateName": ""
  },
  "schemaVersion": "1.0.0.0"
}