{
  "properties": {
    "connectionReferences": {
      "shared_commondataserviceforapps": {
        "runtimeSource": "embedded",
        "connection": {
          "connectionReferenceLogicalName": "ef_sharedcommondataserviceforapps_8116c"
        },
        "api": {
          "name": "shared_commondataserviceforapps"
        }
      }
    },
    "definition": {
      "$schema": "https://schema.management.azure.com/providers/Microsoft.Logic/schemas/2016-06-01/workflowdefinition.json#",
      "contentVersion": "1.0.0.0",
      "parameters": {
        "$connections": {
          "defaultValue": {},
          "type": "Object"
        },
        "$authentication": {
          "defaultValue": {},
          "type": "SecureObject"
        }
      },
      "triggers": {
        "manual": {
          "metadata": {
            "operationMetadataId": "2910a6f4-d286-463b-bc1b-f3c710275590"
          },
          "type": "Request",
          "kind": "VirtualAgent",
          "inputs": {
            "schema": {
              "type": "object",
              "properties": {
                "text": {
                  "title": "functionCallResponse",
                  "type": "string",
                  "x-ms-dynamically-added": true,
                  "description": "Please enter your input",
                  "x-ms-content-hint": "TEXT"
                },
                "text_1": {
                  "title": "GUID",
                  "type": "string",
                  "x-ms-dynamically-added": true,
                  "description": "Please enter your input",
                  "x-ms-content-hint": "TEXT"
                },
                "text_2": {
                  "title": "Entity",
                  "type": "string",
                  "x-ms-dynamically-added": true,
                  "description": "Please enter your input",
                  "x-ms-content-hint": "TEXT"
                }
              },
              "required": [
                "text",
                "text_1",
                "text_2"
              ]
            }
          }
        }
      },
      "actions": {
        "Return_value(s)_to_Power_Virtual_Agents": {
          "runAfter": {
            "Switch": [
              "Succeeded"
            ]
          },
          "metadata": {
            "operationMetadataId": "7c5cdc3d-729e-44b4-bb05-12c36464ad46"
          },
          "type": "Response",
          "kind": "VirtualAgent",
          "inputs": {
            "statusCode": 200,
            "body": {
              "response": "Success"
            },
            "schema": {
              "type": "object",
              "properties": {
                "response": {
                  "title": "Response",
                  "x-ms-dynamically-added": true,
                  "type": "string"
                }
              }
            }
          }
        },
        "Switch": {
          "runAfter": {},
          "cases": {
            "Case": {
              "case": "ef_lesson",
              "actions": {
                "Parse_function_call_JSON": {
                  "runAfter": {},
                  "metadata": {
                    "operationMetadataId": "579facf2-ac12-4714-a591-ccfec82d23ac"
                  },
                  "type": "ParseJson",
                  "inputs": {
                    "content": "@triggerBody()['text']",
                    "schema": {
                      "type": "object",
                      "properties": {
                        "learning_objective": {
                          "type": "string"
                        },
                        "lesson_plan": {
                          "type": "string"
                        },
                        "student_age": {
                          "type": "string"
                        }
                      }
                    }
                  }
                },
                "Update_a_row": {
                  "runAfter": {
                    "Parse_function_call_JSON": [
                      "Succeeded"
                    ]
                  },
                  "metadata": {
                    "operationMetadataId": "f952e81d-76ac-4c4b-8d85-70178de63626"
                  },
                  "type": "OpenApiConnection",
                  "inputs": {
                    "host": {
                      "connectionName": "shared_commondataserviceforapps",
                      "operationId": "UpdateRecord",
                      "apiId": "/providers/Microsoft.PowerApps/apis/shared_commondataserviceforapps"
                    },
                    "parameters": {
                      "entityName": "ef_lessons",
                      "recordId": "@triggerBody()['text_1']",
                      "item/ef_lessonobjective": "@body('Parse_function_call_JSON')?['learning_objective']",
                      "item/ef_lessonplan": "@body('Parse_function_call_JSON')?['lesson_plan']"
                    },
                    "authentication": "@parameters('$authentication')"
                  }
                }
              }
            },
            "Case_2": {
              "case": "ef_curriculum",
              "actions": {
                "Parse_function_call_JSON_2": {
                  "runAfter": {},
                  "metadata": {
                    "operationMetadataId": "33c8141f-2d65-40d2-9bca-60510a694a12"
                  },
                  "type": "ParseJson",
                  "inputs": {
                    "content": "@triggerBody()['text']",
                    "schema": {
                      "type": "object",
                      "properties": {
                        "LessonArray": {
                          "type": "array",
                          "items": {
                            "type": "object",
                            "properties": {
                              "LessonName": {
                                "type": "string"
                              },
                              "LessonObjective": {
                                "type": "string"
                              }
                            },
                            "required": [
                              "LessonName",
                              "LessonObjective"
                            ]
                          }
                        }
                      }
                    }
                  }
                },
                "Apply_to_each": {
                  "foreach": "@body('Parse_function_call_JSON_2')?['LessonArray']",
                  "actions": {
                    "Compose_2": {
                      "runAfter": {},
                      "metadata": {
                        "operationMetadataId": "07d28583-0d55-4f76-acd4-83945d35e994"
                      },
                      "type": "Compose",
                      "inputs": "@items('Apply_to_each')?['LessonName']"
                    },
                    "Compose_3": {
                      "runAfter": {
                        "Compose_2": [
                          "Succeeded"
                        ]
                      },
                      "metadata": {
                        "operationMetadataId": "17f728d5-865f-420d-933b-14b18e330059"
                      },
                      "type": "Compose",
                      "inputs": "@items('Apply_to_each')?['LessonObjective']"
                    },
                    "Create_new_lesson": {
                      "runAfter": {
                        "Compose_3": [
                          "Succeeded"
                        ]
                      },
                      "metadata": {
                        "operationMetadataId": "b5cd76df-7acd-4509-bed8-c3893a297395"
                      },
                      "type": "OpenApiConnection",
                      "inputs": {
                        "host": {
                          "connectionName": "shared_commondataserviceforapps",
                          "operationId": "CreateRecord",
                          "apiId": "/providers/Microsoft.PowerApps/apis/shared_commondataserviceforapps"
                        },
                        "parameters": {
                          "entityName": "ef_lessons",
                          "item/ef_lesson": "@items('Apply_to_each')?['LessonName']",
                          "item/ef_AgeGroup@odata.bind": "ef_agegroups(@{outputs('Get_Curriculum')?['body/_ef_agegroup_value']})",
                          "item/ef_Curriculum@odata.bind": "ef_curriculums(@{outputs('Get_Curriculum')?['body/ef_curriculumid']})",
                          "item/ef_lessonobjective": "@items('Apply_to_each')?['LessonObjective']",
                          "item/ef_Subject@odata.bind": "ef_subjects(@{outputs('Get_Curriculum')?['body/_ef_subject_value']})"
                        },
                        "authentication": "@parameters('$authentication')"
                      }
                    }
                  },
                  "runAfter": {
                    "Get_Curriculum": [
                      "Succeeded"
                    ]
                  },
                  "metadata": {
                    "operationMetadataId": "459b8413-d32c-4d7f-8152-bc24a0cd233d"
                  },
                  "type": "Foreach"
                },
                "Get_Curriculum": {
                  "runAfter": {
                    "Parse_function_call_JSON_2": [
                      "Succeeded"
                    ]
                  },
                  "metadata": {
                    "operationMetadataId": "7f3b7c1b-ef10-4bde-8359-4b5931a10b62"
                  },
                  "type": "OpenApiConnection",
                  "inputs": {
                    "host": {
                      "connectionName": "shared_commondataserviceforapps",
                      "operationId": "GetItem",
                      "apiId": "/providers/Microsoft.PowerApps/apis/shared_commondataserviceforapps"
                    },
                    "parameters": {
                      "entityName": "ef_curriculums",
                      "recordId": "@triggerBody()['text_1']"
                    },
                    "authentication": "@parameters('$authentication')"
                  }
                }
              }
            },
            "Case_3": {
              "case": "ef_lessontask",
              "actions": {
                "Parse_function_call_3": {
                  "runAfter": {},
                  "metadata": {
                    "operationMetadataId": "6b7874d6-fff9-47be-8746-dba07223cad2"
                  },
                  "type": "ParseJson",
                  "inputs": {
                    "content": "@triggerBody()['text']",
                    "schema": {
                      "type": "object",
                      "properties": {
                        "lesson_task_array": {
                          "type": "array",
                          "items": {
                            "type": "object",
                            "properties": {
                              "task": {
                                "type": "string"
                              },
                              "instructions": {
                                "type": "string"
                              }
                            },
                            "required": [
                              "task",
                              "instructions"
                            ]
                          }
                        }
                      }
                    }
                  }
                },
                "Get_Lesson": {
                  "runAfter": {
                    "Parse_function_call_3": [
                      "Succeeded"
                    ]
                  },
                  "metadata": {
                    "operationMetadataId": "12d77572-079c-429f-96e1-22617383531d"
                  },
                  "type": "OpenApiConnection",
                  "inputs": {
                    "host": {
                      "connectionName": "shared_commondataserviceforapps",
                      "operationId": "GetItem",
                      "apiId": "/providers/Microsoft.PowerApps/apis/shared_commondataserviceforapps"
                    },
                    "parameters": {
                      "entityName": "ef_lessons",
                      "recordId": "@triggerBody()['text_1']"
                    },
                    "authentication": "@parameters('$authentication')"
                  }
                },
                "Apply_to_each_2": {
                  "foreach": "@body('Parse_function_call_3')?['lesson_task_array']",
                  "actions": {
                    "Compose": {
                      "runAfter": {},
                      "metadata": {
                        "operationMetadataId": "32b173be-7c09-42a1-9dc2-8058b65e2713"
                      },
                      "type": "Compose",
                      "inputs": "@items('Apply_to_each_2')?['task']"
                    },
                    "Add_a_new_row": {
                      "runAfter": {
                        "Compose": [
                          "Succeeded"
                        ]
                      },
                      "metadata": {
                        "operationMetadataId": "3353748f-b2bc-414b-9c92-923f16255c51"
                      },
                      "type": "OpenApiConnection",
                      "inputs": {
                        "host": {
                          "connectionName": "shared_commondataserviceforapps",
                          "operationId": "CreateRecord",
                          "apiId": "/providers/Microsoft.PowerApps/apis/shared_commondataserviceforapps"
                        },
                        "parameters": {
                          "entityName": "ef_lessontasks",
                          "item/ef_task": "@items('Apply_to_each_2')?['task']",
                          "item/ef_instructions": "@items('Apply_to_each_2')?['instructions']",
                          "item/ef_Lesson@odata.bind": "ef_lessons(@{outputs('Get_Lesson')?['body/ef_lessonid']})"
                        },
                        "authentication": "@parameters('$authentication')"
                      }
                    }
                  },
                  "runAfter": {
                    "Get_Lesson": [
                      "Succeeded"
                    ]
                  },
                  "metadata": {
                    "operationMetadataId": "e3b0ecd7-56ad-4ace-b9be-18d17b8da9ef"
                  },
                  "type": "Foreach"
                }
              }
            }
          },
          "default": {
            "actions": {
              "Terminate": {
                "runAfter": {},
                "metadata": {
                  "operationMetadataId": "d15023c6-1a12-41b6-a2a0-310e4a27e675"
                },
                "type": "Terminate",
                "inputs": {
                  "runStatus": "Failed",
                  "runError": {
                    "message": "Invalid entity type"
                  }
                }
              }
            }
          },
          "expression": "@triggerBody()['text_2']",
          "metadata": {
            "operationMetadataId": "b130935c-a6a3-4534-8ff4-e5ac86064b79"
          },
          "type": "Switch"
        }
      },
      "outputs": {}
    },
    "templateName": ""
  },
  "schemaVersion": "1.0.0.0"
}