{
  "properties": {
    "connectionReferences": {
      "shared_commondataserviceforapps": {
        "runtimeSource": "embedded",
        "connection": {
          "connectionReferenceLogicalName": "ef_sharedcommondataserviceforapps_8116c"
        },
        "api": {
          "name": "shared_commondataserviceforapps"
        }
      }
    },
    "definition": {
      "$schema": "https://schema.management.azure.com/providers/Microsoft.Logic/schemas/2016-06-01/workflowdefinition.json#",
      "contentVersion": "1.0.0.0",
      "parameters": {
        "$connections": {
          "defaultValue": {},
          "type": "Object"
        },
        "$authentication": {
          "defaultValue": {},
          "type": "SecureObject"
        }
      },
      "triggers": {
        "manual": {
          "metadata": {
            "operationMetadataId": "f1560c12-8a00-4b52-91b8-a8009a044527"
          },
          "type": "Request",
          "kind": "VirtualAgent",
          "inputs": {
            "schema": {
              "type": "object",
              "properties": {},
              "required": []
            }
          }
        }
      },
      "actions": {
        "Get_context": {
          "runAfter": {
            "Initialize_First_Prompt": [
              "Succeeded"
            ]
          },
          "metadata": {
            "operationMetadataId": "4d5a39ea-fa65-486f-8d63-5a381ac87a0d"
          },
          "type": "OpenApiConnection",
          "inputs": {
            "host": {
              "connectionName": "shared_commondataserviceforapps",
              "operationId": "ListRecords",
              "apiId": "/providers/Microsoft.PowerApps/apis/shared_commondataserviceforapps"
            },
            "parameters": {
              "entityName": "ef_pvacontexts",
              "$orderby": "modifiedon desc",
              "$top": 1
            },
            "authentication": "@parameters('$authentication')"
          }
        },
        "Switch": {
          "runAfter": {
            "List_AI_Settings": [
              "Succeeded"
            ]
          },
          "cases": {
            "Case": {
              "case": "ef_lesson",
              "actions": {
                "Get_Lesson": {
                  "runAfter": {},
                  "metadata": {
                    "operationMetadataId": "0f146306-fbea-4084-b948-c99109284e8b"
                  },
                  "type": "OpenApiConnection",
                  "inputs": {
                    "host": {
                      "connectionName": "shared_commondataserviceforapps",
                      "operationId": "GetItem",
                      "apiId": "/providers/Microsoft.PowerApps/apis/shared_commondataserviceforapps"
                    },
                    "parameters": {
                      "entityName": "ef_lessons",
                      "recordId": "@outputs('Get_context')?['body/value'][0]?['ef_recordguid']",
                      "$expand": "ef_AgeGroup($select=ef_description)"
                    },
                    "authentication": "@parameters('$authentication')"
                  }
                },
                "Return_value(s)_to_Power_Virtual_Agents": {
                  "runAfter": {
                    "Set_First_Prompt": [
                      "Succeeded"
                    ]
                  },
                  "metadata": {
                    "operationMetadataId": "f2918466-3d03-44b2-8232-940ceccf1802"
                  },
                  "type": "Response",
                  "kind": "VirtualAgent",
                  "inputs": {
                    "statusCode": 200,
                    "body": {
                      "guid": "@outputs('Get_Lesson')?['body/ef_lessonid']",
                      "subject": "@{outputs('Get_Lesson')?['body']?['_ef_subject_value@OData.Community.Display.V1.FormattedValue']}",
                      "agegroup": "@outputs('Get_Lesson')?['body/ef_agegroup/ef_description']",
                      "lessonobjective": "@outputs('Get_Lesson')?['body/ef_lessonobjective']",
                      "entity": "@{outputs('Get_context')?['body/value'][0]?['ef_entity']}",
                      "systemmessage": "@variables('systemMessage')",
                      "functionobject": "@{string(variables('FunctionObject'))}",
                      "firstprompt": "@variables('FirstPrompt')"
                    },
                    "schema": {
                      "type": "object",
                      "properties": {
                        "guid": {
                          "title": "GUID",
                          "x-ms-dynamically-added": true,
                          "type": "string"
                        },
                        "subject": {
                          "title": "Subject",
                          "x-ms-dynamically-added": true,
                          "type": "string"
                        },
                        "agegroup": {
                          "title": "AgeGroup",
                          "x-ms-dynamically-added": true,
                          "type": "string"
                        },
                        "lessonobjective": {
                          "title": "LessonObjective",
                          "x-ms-dynamically-added": true,
                          "type": "string"
                        },
                        "entity": {
                          "title": "Entity",
                          "x-ms-dynamically-added": true,
                          "type": "string"
                        },
                        "systemmessage": {
                          "title": "SystemMessage",
                          "x-ms-dynamically-added": true,
                          "type": "string"
                        },
                        "functionobject": {
                          "title": "FunctionObject",
                          "x-ms-dynamically-added": true,
                          "type": "string"
                        },
                        "firstprompt": {
                          "title": "FirstPrompt",
                          "x-ms-dynamically-added": true,
                          "type": "string"
                        }
                      }
                    }
                  }
                },
                "Set_SystemMessage": {
                  "runAfter": {
                    "Get_Lesson": [
                      "Succeeded"
                    ]
                  },
                  "metadata": {
                    "operationMetadataId": "5a439f7e-6615-41ac-be60-2bb1779450b5"
                  },
                  "type": "SetVariable",
                  "inputs": {
                    "name": "systemMessage",
                    "value": "@{first(body('List_AI_Settings')?['value'])?['ef_systemmessagelesson']}"
                  }
                },
                "Set_FunctionObject": {
                  "runAfter": {
                    "Set_SystemMessage": [
                      "Succeeded"
                    ]
                  },
                  "metadata": {
                    "operationMetadataId": "07ece64f-5181-4e0d-826e-98c7d77b4481"
                  },
                  "type": "SetVariable",
                  "inputs": {
                    "name": "FunctionObject",
                    "value": "@JSON(first(body('List_AI_Settings')?['value'])?['ef_functioncreatelesson'])"
                  }
                },
                "Set_First_Prompt": {
                  "runAfter": {
                    "Set_FunctionObject": [
                      "Succeeded"
                    ]
                  },
                  "metadata": {
                    "operationMetadataId": "7fe92cf9-f16d-4563-9cb1-9007e346d8cf"
                  },
                  "type": "SetVariable",
                  "inputs": {
                    "name": "FirstPrompt",
                    "value": "Hi, I need help planning a lesson for my @{body('Get_Lesson')?['body']?['_ef_subject_value@OData.Community.Display.V1.FormattedValue']} class. The students are @{outputs('Get_Lesson')?['body/ef_agegroup/ef_description']} and the lesson objective is the following: @{outputs('Get_Lesson')?['body/ef_lessonobjective']}"
                  }
                }
              }
            },
            "Case_2": {
              "case": "ef_curriculum",
              "actions": {
                "Get_Curriculum": {
                  "runAfter": {},
                  "metadata": {
                    "operationMetadataId": "de55dfb9-0467-42b8-8813-fd713f1a06a4"
                  },
                  "type": "OpenApiConnection",
                  "inputs": {
                    "host": {
                      "connectionName": "shared_commondataserviceforapps",
                      "operationId": "GetItem",
                      "apiId": "/providers/Microsoft.PowerApps/apis/shared_commondataserviceforapps"
                    },
                    "parameters": {
                      "entityName": "ef_curriculums",
                      "recordId": "@outputs('Get_context')?['body/value'][0]?['ef_recordguid']",
                      "$expand": "ef_AgeGroup($select=ef_description)"
                    },
                    "authentication": "@parameters('$authentication')"
                  }
                },
                "Return_value(s)_to_Power_Virtual_Agents_2": {
                  "runAfter": {
                    "Set_First_Prompt_2": [
                      "Succeeded"
                    ]
                  },
                  "metadata": {
                    "operationMetadataId": "1fcb7bcc-c87c-48c1-822d-f39585df9249"
                  },
                  "type": "Response",
                  "kind": "VirtualAgent",
                  "inputs": {
                    "statusCode": 200,
                    "body": {
                      "guid": "@outputs('Get_Curriculum')?['body/ef_curriculumid']",
                      "subject": "@{outputs('Get_Curriculum')?['body/_ef_subject_value@OData.Community.Display.V1.FormattedValue']}",
                      "agegroup": "@{outputs('Get_Curriculum')?['body/ef_AgeGroup']?['ef_description']}",
                      "lessonobjective": "@{null}",
                      "entity": "@{outputs('Get_context')?['body/value'][0]?['ef_entity']}",
                      "systemmessage": "@variables('systemMessage')",
                      "functionobject": "@{string(variables('FunctionObject'))}",
                      "firstprompt": "@variables('FirstPrompt')"
                    },
                    "schema": {
                      "type": "object",
                      "properties": {
                        "guid": {
                          "title": "GUID",
                          "x-ms-dynamically-added": true,
                          "type": "string"
                        },
                        "subject": {
                          "title": "Subject",
                          "x-ms-dynamically-added": true,
                          "type": "string"
                        },
                        "agegroup": {
                          "title": "AgeGroup",
                          "x-ms-dynamically-added": true,
                          "type": "string"
                        },
                        "lessonobjective": {
                          "title": "LessonObjective",
                          "x-ms-dynamically-added": true,
                          "type": "string"
                        },
                        "entity": {
                          "title": "Entity",
                          "x-ms-dynamically-added": true,
                          "type": "string"
                        },
                        "systemmessage": {
                          "title": "SystemMessage",
                          "x-ms-dynamically-added": true,
                          "type": "string"
                        },
                        "functionobject": {
                          "title": "FunctionObject",
                          "x-ms-dynamically-added": true,
                          "type": "string"
                        },
                        "firstprompt": {
                          "title": "FirstPrompt",
                          "x-ms-dynamically-added": true,
                          "type": "string"
                        }
                      }
                    }
                  }
                },
                "Set_SystemMessage_2": {
                  "runAfter": {
                    "Get_Curriculum": [
                      "Succeeded"
                    ]
                  },
                  "metadata": {
                    "operationMetadataId": "92139e44-f1d1-405d-bddf-03796a091916"
                  },
                  "type": "SetVariable",
                  "inputs": {
                    "name": "systemMessage",
                    "value": "@{first(body('List_AI_Settings')?['value'])?['ef_systemmessagecurriculum']}"
                  }
                },
                "Set_FunctionObject_2": {
                  "runAfter": {
                    "Set_SystemMessage_2": [
                      "Succeeded"
                    ]
                  },
                  "metadata": {
                    "operationMetadataId": "6763ec65-3210-4e7b-8c74-b9fda86c64c2"
                  },
                  "type": "SetVariable",
                  "inputs": {
                    "name": "FunctionObject",
                    "value": "@JSON(first(body('List_AI_Settings')?['value'])?['ef_functioncreatecurriculum'])"
                  }
                },
                "Set_First_Prompt_2": {
                  "runAfter": {
                    "Set_FunctionObject_2": [
                      "Succeeded"
                    ]
                  },
                  "metadata": {
                    "operationMetadataId": "5a92ce77-3109-4918-9653-6ef491b08aad"
                  },
                  "type": "SetVariable",
                  "inputs": {
                    "name": "FirstPrompt",
                    "value": "Hi, I need help planning a number of lessons for my @{outputs('Get_Curriculum')?['body/_ef_subject_value@OData.Community.Display.V1.FormattedValue']} class. The students are @{outputs('Get_Curriculum')?['body/ef_AgeGroup']?['ef_description']}"
                  }
                }
              }
            },
            "Case_3": {
              "case": "ef_lessontask",
              "actions": {
                "Get_Lesson_2": {
                  "runAfter": {},
                  "metadata": {
                    "operationMetadataId": "4ab468f0-f93a-4c34-bb2d-45ffeb4f21b7"
                  },
                  "type": "OpenApiConnection",
                  "inputs": {
                    "host": {
                      "connectionName": "shared_commondataserviceforapps",
                      "operationId": "GetItem",
                      "apiId": "/providers/Microsoft.PowerApps/apis/shared_commondataserviceforapps"
                    },
                    "parameters": {
                      "entityName": "ef_lessons",
                      "recordId": "@outputs('Get_context')?['body/value'][0]?['ef_recordguid']"
                    },
                    "authentication": "@parameters('$authentication')"
                  }
                },
                "Set_SystemMessage_3": {
                  "runAfter": {
                    "Get_Lesson_2": [
                      "Succeeded"
                    ]
                  },
                  "metadata": {
                    "operationMetadataId": "83ba74e3-a6b8-4c47-a4a0-eb3041665bf2"
                  },
                  "type": "SetVariable",
                  "inputs": {
                    "name": "systemMessage",
                    "value": "@{first(body('List_AI_Settings')?['value'])?['ef_systemmessagelessontask']}"
                  }
                },
                "Set_FunctionObject_3": {
                  "runAfter": {
                    "Set_SystemMessage_3": [
                      "Succeeded"
                    ]
                  },
                  "metadata": {
                    "operationMetadataId": "86b06291-00e7-49be-a566-33bc04c6b1fd"
                  },
                  "type": "SetVariable",
                  "inputs": {
                    "name": "FunctionObject",
                    "value": "@JSON(first(body('List_AI_Settings')?['value'])?['ef_functioncreatelessontasks'])"
                  }
                },
                "Set_First_Prompt_3": {
                  "runAfter": {
                    "Set_FunctionObject_3": [
                      "Succeeded"
                    ]
                  },
                  "metadata": {
                    "operationMetadataId": "1841e1f0-f72a-462a-b72f-eeecdd929726"
                  },
                  "type": "SetVariable",
                  "inputs": {
                    "name": "FirstPrompt",
                    "value": "Hi, I need help planning a number of lesson tasks for my @{body('Get_Lesson_2')?['body']?['_ef_subject_value@OData.Community.Display.V1.FormattedValue']} class. The students are @{outputs('Get_Lesson_2')?['body/ef_agegroup/ef_description']} and the lesson objective is: @{outputs('Get_Lesson_2')?['body/ef_lessonobjective']}. The lesson plan is as follows: @{outputs('Get_Lesson_2')?['body/ef_lessonplan']}"
                  }
                },
                "Return_value(s)_to_Power_Virtual_Agents_3": {
                  "runAfter": {
                    "Set_First_Prompt_3": [
                      "Succeeded"
                    ]
                  },
                  "metadata": {
                    "operationMetadataId": "96d0bb58-ea30-4e3a-9669-8a036ee3fc7f"
                  },
                  "type": "Response",
                  "kind": "VirtualAgent",
                  "inputs": {
                    "statusCode": 200,
                    "body": {
                      "guid": "@outputs('Get_Lesson_2')?['body/ef_lessonid']",
                      "subject": "@{body('Get_Lesson_2')?['body']?['_ef_subject_value@OData.Community.Display.V1.FormattedValue']}",
                      "agegroup": "@{outputs('Get_Lesson_2')?['body/ef_agegroup/ef_description']}",
                      "lessonobjective": "@outputs('Get_Lesson_2')?['body/ef_lessonobjective']",
                      "entity": "ef_lessonplan",
                      "systemmessage": "@variables('systemMessage')",
                      "functionobject": "@{variables('FunctionObject')}",
                      "firstprompt": "@variables('FirstPrompt')"
                    },
                    "schema": {
                      "type": "object",
                      "properties": {
                        "guid": {
                          "title": "GUID",
                          "x-ms-dynamically-added": true,
                          "type": "string"
                        },
                        "subject": {
                          "title": "Subject",
                          "x-ms-dynamically-added": true,
                          "type": "string"
                        },
                        "agegroup": {
                          "title": "AgeGroup",
                          "x-ms-dynamically-added": true,
                          "type": "string"
                        },
                        "lessonobjective": {
                          "title": "LessonObjective",
                          "x-ms-dynamically-added": true,
                          "type": "string"
                        },
                        "entity": {
                          "title": "Entity",
                          "x-ms-dynamically-added": true,
                          "type": "string"
                        },
                        "systemmessage": {
                          "title": "SystemMessage",
                          "x-ms-dynamically-added": true,
                          "type": "string"
                        },
                        "functionobject": {
                          "title": "FunctionObject",
                          "x-ms-dynamically-added": true,
                          "type": "string"
                        },
                        "firstprompt": {
                          "title": "FirstPrompt",
                          "x-ms-dynamically-added": true,
                          "type": "string"
                        }
                      }
                    }
                  }
                }
              }
            }
          },
          "default": {
            "actions": {
              "Terminate": {
                "runAfter": {},
                "metadata": {
                  "operationMetadataId": "1265cca4-6677-45b1-b9bd-d559d3cdccb2"
                },
                "type": "Terminate",
                "inputs": {
                  "runStatus": "Failed"
                }
              }
            }
          },
          "expression": "@outputs('Get_context')?['body/value'][0]?['ef_entity']",
          "metadata": {
            "operationMetadataId": "c248fbd0-f476-4aa7-a0d3-6103d3a8afdc"
          },
          "type": "Switch"
        },
        "Initialize_System_Message": {
          "runAfter": {},
          "metadata": {
            "operationMetadataId": "e3de6eeb-1d14-44d3-85bf-29d4cb8e8da3"
          },
          "type": "InitializeVariable",
          "inputs": {
            "variables": [
              {
                "name": "systemMessage",
                "type": "string"
              }
            ]
          }
        },
        "Initialize_Function_Object": {
          "runAfter": {
            "Initialize_System_Message": [
              "Succeeded"
            ]
          },
          "metadata": {
            "operationMetadataId": "6570a009-ba9c-43d1-9002-eb1dcd95fec5"
          },
          "type": "InitializeVariable",
          "inputs": {
            "variables": [
              {
                "name": "FunctionObject",
                "type": "object"
              }
            ]
          }
        },
        "List_AI_Settings": {
          "runAfter": {
            "Get_context": [
              "Succeeded"
            ]
          },
          "metadata": {
            "operationMetadataId": "99dc0a61-b7d1-4f65-9924-c8e3bdb2641e"
          },
          "type": "OpenApiConnection",
          "inputs": {
            "host": {
              "connectionName": "shared_commondataserviceforapps",
              "operationId": "ListRecords",
              "apiId": "/providers/Microsoft.PowerApps/apis/shared_commondataserviceforapps"
            },
            "parameters": {
              "entityName": "ef_promptsettings",
              "$filter": "statuscode eq 122090001",
              "$top": 1
            },
            "authentication": "@parameters('$authentication')"
          }
        },
        "Initialize_First_Prompt": {
          "runAfter": {
            "Initialize_Function_Object": [
              "Succeeded"
            ]
          },
          "metadata": {
            "operationMetadataId": "f4aa01f6-34d8-42de-9ec2-7e9df6207df1"
          },
          "type": "InitializeVariable",
          "inputs": {
            "variables": [
              {
                "name": "FirstPrompt",
                "type": "string"
              }
            ]
          }
        }
      }
    },
    "templateName": ""
  },
  "schemaVersion": "1.0.0.0"
}