<environmentvariabledefinition schemaname="ef_EnvironmentID">
  <description default="The environment id. This can be found in the power platform admin centre">
    <label description="The environment id. This can be found in the power platform admin centre" languagecode="1033" />
  </description>
  <displayname default="EnvironmentID">
    <label description="EnvironmentID" languagecode="1033" />
  </displayname>
  <introducedversion>1.0.0.1</introducedversion>
  <iscustomizable>1</iscustomizable>
  <isrequired>0</isrequired>
  <secretstore>0</secretstore>
  <type>100000000</type>
</environmentvariabledefinition>