<appaction uniquename="ef__CreateLessonTask!e9ab102425a04897aa1c386250dc7999!ef_TeachingAssistantApp!ef_lesson!0">
  <appmoduleid>
    <uniquename>ef_TeachingAssistantApp</uniquename>
  </appmoduleid>
  <buttonlabeltext default="Create Lesson Tasks">
    <label description="Create Lesson Tasks" languagecode="1033" />
  </buttonlabeltext>
  <context>1</context>
  <contextentity>
    <logicalname>ef_lesson</logicalname>
  </contextentity>
  <contextvalue>ef_lesson</contextvalue>
  <hidden>0</hidden>
  <iscustomizable>1</iscustomizable>
  <isdisabled>0</isdisabled>
  <isgrouptitlehidden>0</isgrouptitlehidden>
  <location>0</location>
  <name>CreateLessonTask!e9ab102425a04897aa1c386250dc7999</name>
  <onclickeventjavascriptfunctionname>openCustomPage</onclickeventjavascriptfunctionname>
  <onclickeventjavascriptparameters>[{"type":4},{"type":21,"value":"ef_lessontask"}]</onclickeventjavascriptparameters>
  <onclickeventjavascriptwebresourceid>
    <webresourceid>7a4e44aa-3056-ee11-be6f-0022482d658a</webresourceid>
  </onclickeventjavascriptwebresourceid>
  <onclickeventtype>2</onclickeventtype>
  <origin>0</origin>
  <parentappactionid>
    <uniquename>ef__NewGroup!f5ded932793f4dfa866567f6b4cfade6!ef_TeachingAssistantApp!ef_lesson!0</uniquename>
  </parentappactionid>
  <sequence>20000.0000000000</sequence>
  <statecode>0</statecode>
  <statuscode>1</statuscode>
  <type>0</type>
  <visibilitytype>0</visibilitytype>
</appaction>