<botcomponent schemaname="ef_teachingAssistantBot.topic.Escalate">
  <componenttype>9</componenttype>
  <description>This system topic is triggered when the user indicates they would like to speak to a human agent.
You can configure how the bot will handle human hand-off scenarios in the bot settings.
If your bot does not handle escalations, this topic should be disabled.</description>
  <iscustomizable>0</iscustomizable>
  <name>Escalate</name>
  <parentbotid>
    <schemaname>ef_teachingAssistantBot</schemaname>
  </parentbotid>
  <statecode>1</statecode>
  <statuscode>2</statuscode>
</botcomponent>