<ImportExportXml version="9.2.23083.184" SolutionPackageVersion="9.2" languagecode="1033" generatedBy="CrmLive" xmlns:xsi="http://www.w3.org/2001/XMLSchema-instance">
  <SolutionManifest>
    <UniqueName>PowerPlatformAIHackathon</UniqueName>
    <LocalizedNames>
      <LocalizedName description="PowerPlatformAIHackathon_TeachingAccelerator" languagecode="1033" />
    </LocalizedNames>
    <Descriptions />
    <Version>1.0.0.4</Version>
    <Managed>0</Managed>
    <Publisher>
      <UniqueName>ElliotFraser</UniqueName>
      <LocalizedNames>
        <LocalizedName description="Elliot Fraser" languagecode="1033" />
      </LocalizedNames>
      <Descriptions />
      <EMailAddress>elliotfraser1993@gmail.com</EMailAddress>
      <SupportingWebsiteUrl>https://www.linkedin.com/in/elliot-fraser-95b06518</SupportingWebsiteUrl>
      <CustomizationPrefix>ef</CustomizationPrefix>
      <CustomizationOptionValuePrefix>12209</CustomizationOptionValuePrefix>
      <Addresses>
        <Address>
          <AddressNumber>1</AddressNumber>
          <AddressTypeCode>1</AddressTypeCode>
          <City xsi:nil="true"></City>
          <County xsi:nil="true"></County>
          <Country xsi:nil="true"></Country>
          <Fax xsi:nil="true"></Fax>
          <FreightTermsCode xsi:nil="true"></FreightTermsCode>
          <ImportSequenceNumber xsi:nil="true"></ImportSequenceNumber>
          <Latitude xsi:nil="true"></Latitude>
          <Line1 xsi:nil="true"></Line1>
          <Line2 xsi:nil="true"></Line2>
          <Line3 xsi:nil="true"></Line3>
          <Longitude xsi:nil="true"></Longitude>
          <Name xsi:nil="true"></Name>
          <PostalCode xsi:nil="true"></PostalCode>
          <PostOfficeBox xsi:nil="true"></PostOfficeBox>
          <PrimaryContactName xsi:nil="true"></PrimaryContactName>
          <ShippingMethodCode>1</ShippingMethodCode>
          <StateOrProvince xsi:nil="true"></StateOrProvince>
          <Telephone1 xsi:nil="true"></Telephone1>
          <Telephone2 xsi:nil="true"></Telephone2>
          <Telephone3 xsi:nil="true"></Telephone3>
          <TimeZoneRuleVersionNumber xsi:nil="true"></TimeZoneRuleVersionNumber>
          <UPSZone xsi:nil="true"></UPSZone>
          <UTCOffset xsi:nil="true"></UTCOffset>
          <UTCConversionTimeZoneCode xsi:nil="true"></UTCConversionTimeZoneCode>
        </Address>
        <Address>
          <AddressNumber>2</AddressNumber>
          <AddressTypeCode>1</AddressTypeCode>
          <City xsi:nil="true"></City>
          <County xsi:nil="true"></County>
          <Country xsi:nil="true"></Country>
          <Fax xsi:nil="true"></Fax>
          <FreightTermsCode xsi:nil="true"></FreightTermsCode>
          <ImportSequenceNumber xsi:nil="true"></ImportSequenceNumber>
          <Latitude xsi:nil="true"></Latitude>
          <Line1 xsi:nil="true"></Line1>
          <Line2 xsi:nil="true"></Line2>
          <Line3 xsi:nil="true"></Line3>
          <Longitude xsi:nil="true"></Longitude>
          <Name xsi:nil="true"></Name>
          <PostalCode xsi:nil="true"></PostalCode>
          <PostOfficeBox xsi:nil="true"></PostOfficeBox>
          <PrimaryContactName xsi:nil="true"></PrimaryContactName>
          <ShippingMethodCode>1</ShippingMethodCode>
          <StateOrProvince xsi:nil="true"></StateOrProvince>
          <Telephone1 xsi:nil="true"></Telephone1>
          <Telephone2 xsi:nil="true"></Telephone2>
          <Telephone3 xsi:nil="true"></Telephone3>
          <TimeZoneRuleVersionNumber xsi:nil="true"></TimeZoneRuleVersionNumber>
          <UPSZone xsi:nil="true"></UPSZone>
          <UTCOffset xsi:nil="true"></UTCOffset>
          <UTCConversionTimeZoneCode xsi:nil="true"></UTCConversionTimeZoneCode>
        </Address>
      </Addresses>
    </Publisher>
    <RootComponents>
      <RootComponent type="1" schemaName="ef_agegroup" behavior="0" />
      <RootComponent type="1" schemaName="ef_curriculum" behavior="0" />
      <RootComponent type="1" schemaName="ef_lesson" behavior="0" />
      <RootComponent type="1" schemaName="ef_lessontask" behavior="0" />
      <RootComponent type="1" schemaName="ef_promptsetting" behavior="0" />
      <RootComponent type="1" schemaName="ef_pvacontext" behavior="0" />
      <RootComponent type="1" schemaName="ef_subject" behavior="0" />
      <RootComponent type="29" id="{42e14eb3-875b-ee11-be6f-0022482d658a}" behavior="0" />
      <RootComponent type="29" id="{c83ced37-8254-ee11-be6f-002248a476b8}" behavior="0" />
      <RootComponent type="29" id="{d253caca-b954-ee11-be6f-002248a476b8}" behavior="0" />
      <RootComponent type="29" id="{d79837bd-9b54-ee11-be6f-002248a476b8}" behavior="0" />
      <RootComponent type="61" schemaName="ef_AgeGroupSVG" behavior="0" />
      <RootComponent type="61" schemaName="ef_ChatBotSVG" behavior="0" />
      <RootComponent type="61" schemaName="ef_CurriculumSVG" behavior="0" />
      <RootComponent type="61" schemaName="ef_HomeSVG" behavior="0" />
      <RootComponent type="61" schemaName="ef_LessonSVG" behavior="0" />
      <RootComponent type="61" schemaName="ef_StudentsSVG" behavior="0" />
      <RootComponent type="61" schemaName="ef_Subject2SVG" behavior="0" />
      <RootComponent type="61" schemaName="ef_SubjectSVG" behavior="0" />
      <RootComponent type="61" schemaName="ef_TeachingAcceleratorJS" behavior="0" />
      <RootComponent type="62" schemaName="ef_TeachingAssistantApp" behavior="0" />
      <RootComponent type="80" schemaName="ef_TeachingAssistantApp" behavior="0" />
      <RootComponent type="300" schemaName="ef_teachingaccelerator_ff1df" behavior="0" />
      <RootComponent type="300" schemaName="ef_teachingassistantappdefaultcommandlibrary_5144a" behavior="0" />
      <RootComponent type="300" schemaName="ef_teachingbotcustompage_663a9" behavior="0" />
    </RootComponents>
    <MissingDependencies>
      <MissingDependency>
        <Required type="1" schemaName="environmentvariabledefinition" displayName="Environment Variable Definition" solution="EnvironmentVariables (1.0.2.290)" />
        <Dependent type="300" schemaName="ef_teachingaccelerator_ff1df" displayName="TeachingAccelerator" />
      </MissingDependency>
      <MissingDependency>
        <Required type="1" schemaName="environmentvariabledefinition" displayName="Environment Variable Definition" solution="EnvironmentVariables (1.0.2.290)" />
        <Dependent type="300" schemaName="ef_teachingbotcustompage_663a9" displayName="TeachingBot Custom Page" />
      </MissingDependency>
      <MissingDependency>
        <Required type="1" schemaName="environmentvariablevalue" displayName="Environment Variable Value" solution="EnvironmentVariables (1.0.2.290)" />
        <Dependent type="300" schemaName="ef_teachingaccelerator_ff1df" displayName="TeachingAccelerator" />
      </MissingDependency>
      <MissingDependency>
        <Required type="1" schemaName="environmentvariablevalue" displayName="Environment Variable Value" solution="EnvironmentVariables (1.0.2.290)" />
        <Dependent type="300" schemaName="ef_teachingbotcustompage_663a9" displayName="TeachingBot Custom Page" />
      </MissingDependency>
      <MissingDependency>
        <Required type="61" schemaName="msdyn_/Images/AppModule_Default_Icon.png" displayName="msdyn_/Images/AppModule_Default_Icon.png" solution="AppModuleWebResources (2.5)" />
        <Dependent type="80" schemaName="ef_TeachingAssistantApp" displayName="Teaching Accelerator" />
      </MissingDependency>
    </MissingDependencies>
  </SolutionManifest>
</ImportExportXml>