<appaction uniquename="ef__NewGroup!f5ded932793f4dfa866567f6b4cfade6!ef_TeachingAssistantApp!ef_lesson!0">
  <appmoduleid>
    <uniquename>ef_TeachingAssistantApp</uniquename>
  </appmoduleid>
  <context>1</context>
  <contextentity>
    <logicalname>ef_lesson</logicalname>
  </contextentity>
  <contextvalue>ef_lesson</contextvalue>
  <grouptitle default="NewGroup">
    <label description="NewGroup" languagecode="1033" />
  </grouptitle>
  <hidden>0</hidden>
  <iscustomizable>1</iscustomizable>
  <isdisabled>0</isdisabled>
  <isgrouptitlehidden>1</isgrouptitlehidden>
  <location>0</location>
  <name>NewGroup!f5ded932793f4dfa866567f6b4cfade6</name>
  <onclickeventtype>0</onclickeventtype>
  <origin>0</origin>
  <parentappactionid>
    <uniquename>ef__AskGPT!57a8a2cf51ff48919dac40484b4bbb4e!ef_TeachingAssistantApp!ef_lesson!0</uniquename>
  </parentappactionid>
  <sequence>10000.0000000000</sequence>
  <statecode>0</statecode>
  <statuscode>1</statuscode>
  <type>3</type>
</appaction>