<environmentvariabledefinition schemaname="ef_EnvironmentURL">
  <description default="The environment URL. Find this in the admin centre.">
    <label description="The environment URL. Find this in the admin centre." languagecode="1033" />
  </description>
  <displayname default="EnvironmentURL">
    <label description="EnvironmentURL" languagecode="1033" />
  </displayname>
  <introducedversion>1.0.0.1</introducedversion>
  <iscustomizable>1</iscustomizable>
  <isrequired>0</isrequired>
  <secretstore>0</secretstore>
  <type>100000000</type>
</environmentvariabledefinition>