<bot schemaname="ef_teachingAssistantBot">
  <authenticationmode>1</authenticationmode>
  <authenticationtrigger>0</authenticationtrigger>
  <iscustomizable>0</iscustomizable>
  <language>1033</language>
  <name>TeachingAssistantBot</name>
  <runtimeprovider>0</runtimeprovider>
  <synchronizationstatus>{
  "contentVersion": 2,
  "lastFinishedPublishOperation": {
    "userId": "cbb18fe4-fb91-47bf-8e56-200457c3ca1d",
    "operationStart": "2023-09-25T13:49:39.8541345Z",
    "operationEnd": "2023-09-25T13:49:43.6448154Z",
    "status": "Succeeded"
  },
  "lastPublishedUserId": "cbb18fe4-fb91-47bf-8e56-200457c3ca1d",
  "lastPublishedOnUtc": "2023-09-25T13:49:42Z",
  "currentSynchronizationState": {
    "botRegistration": {
      "applicationId": "b55629ac-5db2-43af-94d8-b0610490b37f",
      "isAppAvailableInTenant": true
    },
    "provisioningStatus": "Provisioned",
    "state": "Synchronized"
  },
  "lastSynchronizedOnUtc": "2023-09-25T13:50:00.4933024Z"
}</synchronizationstatus>
  <template>default-2.0.1</template>
  <timezoneruleversionnumber>4</timezoneruleversionnumber>
</bot>