<environmentvariabledefinition schemaname="ef_OpenAISecret">
  <description default="Your OpenAI secret key value. This can be generated from your OpenAI account.">
    <label description="Your OpenAI secret key value. This can be generated from your OpenAI account." languagecode="1033" />
  </description>
  <displayname default="OpenAISecret">
    <label description="OpenAISecret" languagecode="1033" />
  </displayname>
  <introducedversion>1.0.0.1</introducedversion>
  <iscustomizable>1</iscustomizable>
  <isrequired>0</isrequired>
  <secretstore>0</secretstore>
  <type>100000000</type>
</environmentvariabledefinition>