<appaction uniquename="ef__Copy!9f9c5ba1fd4b4319a067f11f4f27ee73!ef_TeachingAssistantApp!ef_promptsetting!1">
  <appmoduleid>
    <uniquename>ef_TeachingAssistantApp</uniquename>
  </appmoduleid>
  <buttonlabeltext default="Copy">
    <label description="Copy" languagecode="1033" />
  </buttonlabeltext>
  <context>1</context>
  <contextentity>
    <logicalname>ef_promptsetting</logicalname>
  </contextentity>
  <contextvalue>ef_promptsetting</contextvalue>
  <fonticon>Copy</fonticon>
  <hidden>0</hidden>
  <iscustomizable>1</iscustomizable>
  <isdisabled>0</isdisabled>
  <isgrouptitlehidden>0</isgrouptitlehidden>
  <location>1</location>
  <name>Copy!9f9c5ba1fd4b4319a067f11f4f27ee73</name>
  <onclickeventformulacomponentlibraryid>
    <name>ef_teachingassistantappdefaultcommandlibrary_5144a</name>
  </onclickeventformulacomponentlibraryid>
  <onclickeventformulacomponentname>77cd3ea51d9b4a31911aef0031319366</onclickeventformulacomponentname>
  <onclickeventformulafunctionname>OnSelect</onclickeventformulafunctionname>
  <onclickeventtype>1</onclickeventtype>
  <origin>0</origin>
  <sequence>1000100015.0000000000</sequence>
  <statecode>0</statecode>
  <statuscode>1</statuscode>
  <type>0</type>
  <visibilitytype>0</visibilitytype>
</appaction>